base_model,image_size,num_layers,units_0,dropout_rate_0,l2_0,l2_output,learning_rate,optimizer,units_1,dropout_rate_1,l2_1,units_2,dropout_rate_2,l2_2,units_3,dropout_rate_3,l2_3,units_4,dropout_rate_4,l2_4,train_loss,val_loss,train_accuracy,val_accuracy
DenseNet121,224,1,128,0.2,0.001,0.05,0.01,adam,128,0.3,0.05,256,0.5,0.05,256,0.2,0.01,256,0.5,0.01,1.5663907527923584,0.8458267450332642,0.5171428322792053,0.6733333468437195
DenseNet121,128,3,128,0.5,0.05,0.05,0.001,adam,128,0.3,0.05,64,0.5,0.001,256,0.3,0.001,256,0.5,0.05,4.151147365570068,2.7508151531219482,0.5314285755157471,0.5933333039283752
MobileNetV2,128,4,128,0.3,0.05,0.001,0.01,rmsprop,64,0.2,0.001,256,0.2,0.001,128,0.5,0.01,256,0.5,0.001,3.524078130722046,1.0470693111419678,0.5057142972946167,0.5
DenseNet121,128,5,64,0.2,0.01,0.001,0.01,rmsprop,64,0.3,0.001,64,0.3,0.001,64,0.3,0.001,64,0.3,0.001,1.3847627639770508,0.8503034114837646,0.5071428418159485,0.5
DenseNet121,224,4,256,0.3,0.001,0.05,0.0001,adam,128,0.5,0.05,128,0.2,0.05,128,0.5,0.01,64,0.3,0.001,14.487547874450684,13.912415504455566,0.520714282989502,0.6100000143051147
